2025.08.10 06:58:00;3353.025256;3353.084716;3352.643155;3352.841095;1064
2025.08.10 07:03:00;3352.459258;3353.350498;3351.808616;3353.184267;1560
2025.08.10 07:08:00;3353.729377;3354.419713;3352.895081;3353.011455;1462
2025.08.10 07:13:00;3354.863347;3354.877601;3354.656794;3354.699788;910
2025.08.10 07:18:00;3355.081962;3355.387511;3354.822752;3355.298826;667
2025.08.10 07:23:00;3355.851655;3356.744259;3355.196957;3355.925033;1713
2025.08.10 07:28:00;3355.411340;3355.643869;3354.752451;3354.943419;525
2025.08.10 07:33:00;3354.208477;3354.754303;3353.777713;3354.035726;1315
2025.08.10 07:38:00;3351.822443;3352.312397;3351.589405;3352.117791;1235
2025.08.10 07:43:00;3352.370964;3353.075238;3352.353003;3352.975304;891
2025.08.10 07:48:00;3353.087821;3354.003693;3352.958354;3353.738516;1622
2025.08.10 07:53:00;3351.838562;3351.926662;3351.836168;3351.919361;1276
2025.08.10 07:58:00;3352.200911;3352.864305;3352.133944;3352.287257;1397
2025.08.10 08:03:00;3352.355749;3353.084833;3352.335053;3352.770451;1395
2025.08.10 08:08:00;3353.001350;3353.412952;3352.400615;3353.390290;583
2025.08.10 08:13:00;3353.473306;3354.049650;3353.273891;3353.956987;955
2025.08.10 08:18:00;3353.099413;3353.443436;3353.016988;3353.324336;634
2025.08.10 08:23:00;3355.270767;3355.666676;3354.908080;3355.249175;966
2025.08.10 08:28:00;3354.477749;3354.898318;3353.949701;3354.442267;1276
2025.08.10 08:33:00;3355.918572;3356.122011;3355.671661;3355.727972;841
2025.08.10 08:38:00;3356.424659;3356.499990;3356.301118;3356.472290;1239
2025.08.10 08:43:00;3356.329014;3356.355067;3355.433010;3355.594728;1457
2025.08.10 08:48:00;3357.194492;3357.408880;3356.892922;3357.127881;1245
2025.08.10 08:53:00;3358.855358;3359.160294;3358.799583;3358.823884;521
2025.08.10 08:58:00;3357.709643;3357.754411;3357.653695;3357.680027;1642
2025.08.10 09:03:00;3356.892340;3357.009121;3356.883927;3356.932782;1984
2025.08.10 09:08:00;3356.414270;3357.068084;3356.202634;3356.857332;1966
2025.08.10 09:13:00;3355.368332;3356.304758;3355.252971;3356.301257;719
2025.08.10 09:18:00;3356.924627;3357.348561;3356.607963;3356.884952;660
2025.08.10 09:23:00;3356.053897;3356.265564;3355.401720;3356.107706;1306
2025.08.10 09:28:00;3355.818585;3355.938136;3355.709827;3355.884317;731
2025.08.10 09:33:00;3355.874988;3355.994247;3355.519839;3355.862000;1979
2025.08.10 09:38:00;3355.572122;3355.700718;3355.162269;3355.688081;1137
2025.08.10 09:43:00;3355.607518;3356.247514;3355.216183;3355.819877;1692
2025.08.10 09:48:00;3354.554895;3354.884170;3353.980567;3354.091465;1424
2025.08.10 09:53:00;3352.659245;3353.933851;3352.437567;3353.093443;1101
2025.08.10 09:58:00;3351.088055;3352.185206;3350.375763;3351.864699;548
2025.08.10 10:03:00;3354.939572;3355.099871;3354.875754;3354.964700;506
2025.08.10 10:08:00;3353.309834;3353.804710;3352.154984;3352.400593;1168
2025.08.10 10:13:00;3350.491081;3351.067578;3350.029846;3350.732451;1474
2025.08.10 10:18:00;3350.736777;3352.057878;3350.265785;3351.987731;1635
2025.08.10 10:23:00;3350.704603;3350.946566;3350.537149;3350.887383;582
2025.08.10 10:28:00;3350.888114;3351.491792;3350.878482;3351.385189;908
2025.08.10 10:33:00;3351.736913;3352.256102;3350.951027;3351.305212;1645
2025.08.10 10:38:00;3352.755859;3352.873133;3352.260889;3352.772562;1509
2025.08.10 10:43:00;3349.963993;3350.696313;3349.374601;3350.140480;1257
2025.08.10 10:48:00;3350.548780;3350.995659;3350.041061;3350.076555;1111
2025.08.10 10:53:00;3350.260560;3350.376193;3350.180040;3350.356190;527
2025.08.10 10:58:00;3350.387063;3350.796671;3350.307054;3350.317697;1734
2025.08.10 11:03:00;3351.419485;3352.300009;3351.270653;3351.432960;1549
2025.08.10 11:08:00;3349.852535;3349.952596;3349.786957;3349.916372;1932
2025.08.10 11:13:00;3350.439984;3350.718103;3350.437213;3350.545335;1086
2025.08.10 11:18:00;3349.746791;3349.962506;3349.510985;3349.557481;1240
2025.08.10 11:23:00;3350.375683;3350.624960;3350.195589;3350.419998;1276
2025.08.10 11:28:00;3350.096576;3350.871659;3349.801507;3349.837079;1589
2025.08.10 11:33:00;3349.693165;3349.961188;3349.627746;3349.763183;849
2025.08.10 11:38:00;3348.334664;3348.412669;3348.256471;3348.263330;1194
2025.08.10 11:43:00;3350.110376;3350.213570;3349.870450;3349.992588;1855
2025.08.10 11:48:00;3350.276342;3350.767365;3350.010258;3350.224783;1804
2025.08.10 11:53:00;3350.261884;3350.385792;3349.733953;3350.159472;750
2025.08.10 11:58:00;3350.388607;3350.783693;3350.308919;3350.502326;657
2025.08.10 12:03:00;3352.406536;3352.726937;3351.748981;3351.874166;1324
2025.08.10 12:08:00;3351.553896;3351.597118;3350.844743;3350.862592;1588
2025.08.10 12:13:00;3350.071337;3350.750253;3349.836072;3350.237241;520
2025.08.10 12:18:00;3351.760221;3352.083781;3351.362517;3351.990187;540
2025.08.10 12:23:00;3352.123458;3352.733188;3352.082670;3352.110578;1518
2025.08.10 12:28:00;3351.345348;3352.492675;3350.546712;3352.453417;1127
2025.08.10 12:33:00;3351.935498;3352.365401;3351.316375;3351.478426;1741
2025.08.10 12:38:00;3351.500099;3351.791470;3350.921277;3351.728285;1838
2025.08.10 12:43:00;3351.701290;3352.163387;3351.615343;3352.082545;1110
2025.08.10 12:48:00;3351.820550;3352.261317;3351.558883;3351.955023;1112
2025.08.10 12:53:00;3352.360999;3353.052294;3351.731891;3352.423330;1284
2025.08.10 12:58:00;3351.953292;3352.031257;3351.599939;3351.673591;502
2025.08.10 13:03:00;3352.376615;3353.232852;3352.243643;3352.246344;1886
2025.08.10 13:08:00;3353.193851;3353.565664;3352.715347;3353.012262;754
2025.08.10 13:13:00;3351.884513;3352.660605;3351.744012;3352.234285;505
2025.08.10 13:18:00;3352.017026;3352.641679;3351.657762;3352.152699;1750
2025.08.10 13:23:00;3352.348251;3353.178287;3351.901666;3352.364309;1539
2025.08.10 13:28:00;3352.140221;3352.777265;3352.041548;3352.533048;1374
2025.08.10 13:33:00;3350.427973;3350.487362;3349.879456;3350.197171;1535
2025.08.10 13:38:00;3351.396078;3352.068806;3351.299930;3351.640876;1468
2025.08.10 13:43:00;3351.729355;3352.007521;3350.934541;3351.562376;1285
2025.08.10 13:48:00;3352.771877;3353.063541;3352.669473;3352.950801;1003
2025.08.10 13:53:00;3353.031853;3353.151965;3352.911447;3352.921398;997
2025.08.10 13:58:00;3353.594814;3353.691948;3352.866724;3353.045516;1167
2025.08.10 14:03:00;3352.771261;3352.829923;3352.556074;3352.705172;1535
2025.08.10 14:08:00;3352.463148;3352.841063;3352.412418;3352.435718;864
2025.08.10 14:13:00;3352.075011;3352.173936;3351.375983;3351.445577;1143
2025.08.10 14:18:00;3354.049476;3354.596215;3353.603867;3353.878179;735
2025.08.10 14:23:00;3355.019436;3355.346735;3353.630822;3354.128784;1785
2025.08.10 14:28:00;3354.594071;3354.757196;3354.344983;3354.678443;798
2025.08.10 14:33:00;3354.574313;3356.253426;3353.830233;3355.344746;734
2025.08.10 14:38:00;3357.319394;3357.629083;3357.023673;3357.550053;1834
2025.08.10 14:43:00;3353.432430;3353.550609;3353.291060;3353.302896;1825
2025.08.10 14:48:00;3352.257735;3352.728219;3351.465031;3351.823317;1789
2025.08.10 14:53:00;3352.524829;3353.398034;3352.194995;3352.687782;1894
2025.08.10 14:58:00;3353.408430;3353.666841;3353.006345;3353.218703;1272
2025.08.10 15:03:00;3352.961635;3353.076660;3352.611178;3352.886371;503
2025.08.10 15:08:00;3353.338477;3353.842804;3353.015688;3353.529154;1253
2025.08.10 15:13:00;3353.478590;3353.600394;3352.858040;3352.948354;803
2025.08.10 15:18:00;3354.241737;3354.363499;3354.065558;3354.129500;767
2025.08.10 15:23:00;3354.011194;3354.207289;3353.799923;3353.937603;1269
2025.08.10 15:28:00;3354.443194;3355.282166;3354.294155;3355.218823;1270
2025.08.10 15:33:00;3355.026625;3355.310182;3354.140502;3355.173453;786
2025.08.10 15:38:00;3355.049223;3355.867731;3354.452063;3355.218260;1407
2025.08.10 15:43:00;3356.226865;3356.540641;3356.053461;3356.490416;1812
2025.08.10 15:48:00;3354.456286;3354.908971;3353.924390;3353.973421;1132
2025.08.10 15:53:00;3353.609958;3354.285701;3353.233873;3354.029045;1066
2025.08.10 15:58:00;3354.941761;3355.046382;3354.750531;3355.042466;1942
2025.08.10 16:03:00;3355.820348;3356.186490;3355.788058;3355.911493;631
2025.08.10 16:08:00;3354.725135;3355.339504;3354.070667;3354.695785;565
2025.08.10 16:13:00;3352.475856;3352.692320;3352.368104;3352.392471;1013
2025.08.10 16:18:00;3353.522407;3353.696091;3353.102161;3353.399687;603
2025.08.10 16:23:00;3354.305650;3354.758357;3353.921477;3354.587258;585
2025.08.10 16:28:00;3353.835753;3354.570541;3353.386136;3353.670299;1895
2025.08.10 16:33:00;3352.522398;3353.607945;3352.521384;3352.961404;1987
2025.08.10 16:38:00;3350.469881;3350.603973;3350.206060;3350.509926;858
2025.08.10 16:43:00;3351.087640;3351.343171;3349.904193;3351.125617;862
2025.08.10 16:48:00;3351.210705;3351.211589;3350.639067;3351.157343;1163
2025.08.10 16:53:00;3350.268824;3350.555693;3349.403644;3349.920326;1071
2025.08.10 16:58:00;3350.666760;3350.996691;3349.913666;3350.952701;891
2025.08.10 17:03:00;3350.736723;3351.146501;3350.554946;3350.696832;735
2025.08.10 17:08:00;3351.139043;3351.192885;3350.405293;3350.577243;1346
2025.08.10 17:13:00;3351.259403;3351.306314;3351.010483;3351.161983;539
2025.08.10 17:18:00;3352.576163;3352.652171;3352.389671;3352.529065;1651
2025.08.10 17:23:00;3352.132279;3352.181769;3351.929301;3351.967889;1431
2025.08.10 17:28:00;3351.116460;3351.667260;3350.769314;3350.824540;834
2025.08.10 17:33:00;3350.837730;3351.009708;3350.260359;3350.730680;546
2025.08.10 17:38:00;3351.088920;3351.112020;3350.478596;3350.710561;1393
2025.08.10 17:43:00;3351.681577;3351.728268;3349.814609;3350.001370;1813
2025.08.10 17:48:00;3348.339674;3348.632758;3348.143027;3348.324726;850
2025.08.10 17:53:00;3349.564531;3350.216254;3349.463465;3349.710081;1445
2025.08.10 17:58:00;3350.731040;3350.874175;3350.508827;3350.844938;1016
2025.08.10 18:03:00;3352.508504;3353.089292;3352.150791;3352.675276;831
2025.08.10 18:08:00;3351.985137;3352.027735;3351.815313;3351.961013;662
2025.08.10 18:13:00;3352.190836;3353.230648;3352.159681;3352.284428;629
2025.08.10 18:18:00;3351.715470;3352.094042;3351.382316;3351.995990;1961
2025.08.10 18:23:00;3353.180491;3353.765903;3352.497858;3352.551410;1016
2025.08.10 18:28:00;3352.160832;3352.425620;3351.702891;3352.021379;798
2025.08.10 18:33:00;3353.745669;3353.951034;3353.676528;3353.721788;1795
2025.08.10 18:38:00;3355.313365;3355.766189;3355.297354;3355.689318;1307
2025.08.10 18:43:00;3356.242223;3356.615901;3356.171691;3356.303598;1426
2025.08.10 18:48:00;3356.736163;3357.109228;3356.392344;3356.765778;768
2025.08.10 18:53:00;3356.789247;3357.243094;3356.099254;3356.849260;565
2025.08.10 18:58:00;3358.272753;3358.397579;3357.890866;3358.051857;1449
2025.08.10 19:03:00;3357.389637;3357.872925;3357.283283;3357.610734;887
2025.08.10 19:08:00;3356.527669;3356.942704;3356.462062;3356.887725;883
2025.08.10 19:13:00;3355.930096;3356.046800;3355.812509;3356.002793;1441
2025.08.10 19:18:00;3357.090660;3357.285794;3356.475914;3357.250440;579
2025.08.10 19:23:00;3357.756402;3357.925430;3357.430770;3357.492756;1842
2025.08.10 19:28:00;3357.078238;3357.343803;3356.437997;3356.806296;556
2025.08.10 19:33:00;3356.520153;3356.843828;3355.980618;3356.576874;1004
2025.08.10 19:38:00;3357.184542;3357.532335;3357.028006;3357.321395;1399
2025.08.10 19:43:00;3354.956023;3355.206705;3354.379491;3354.562348;702
2025.08.10 19:48:00;3356.053434;3356.209622;3355.162631;3355.342268;1599
2025.08.10 19:53:00;3356.623458;3356.866314;3356.095668;3356.757994;1150
2025.08.10 19:58:00;3355.769098;3356.202509;3355.507401;3355.897261;536
2025.08.10 20:03:00;3355.086052;3355.204254;3354.594077;3354.758222;1017
2025.08.10 20:08:00;3354.524759;3354.649852;3353.876880;3354.638659;1047
2025.08.10 20:13:00;3353.666234;3353.980575;3352.834131;3352.911250;1338
2025.08.10 20:18:00;3353.629847;3353.645232;3353.322946;3353.416074;1993
2025.08.10 20:23:00;3354.751494;3354.997442;3354.734568;3354.951695;557
2025.08.10 20:28:00;3354.558422;3354.908915;3354.443819;3354.766985;598
2025.08.10 20:33:00;3354.919090;3355.097048;3354.737417;3354.921632;753
2025.08.10 20:38:00;3354.743987;3355.040216;3354.729197;3354.836742;1076
2025.08.10 20:43:00;3355.436999;3355.926518;3354.303806;3354.440946;1734
2025.08.10 20:48:00;3354.785582;3355.515071;3353.742915;3355.183796;1568
2025.08.10 20:53:00;3355.540413;3355.949133;3355.028539;3355.586198;1085
2025.08.10 20:58:00;3355.596266;3355.896865;3355.381122;3355.391529;1562
2025.08.10 21:03:00;3355.124833;3355.516046;3354.443342;3354.698614;1230
2025.08.10 21:08:00;3355.501192;3356.508776;3355.400289;3356.097900;1154
2025.08.10 21:13:00;3355.234287;3355.614890;3355.065440;3355.569653;1900
2025.08.10 21:18:00;3353.881302;3354.147800;3353.640284;3353.658027;1768
2025.08.10 21:23:00;3353.389045;3353.775331;3352.748478;3352.760334;1294
2025.08.10 21:28:00;3351.850832;3352.658126;3351.727989;3351.801760;1495
2025.08.10 21:33:00;3353.781412;3354.397455;3353.496984;3354.282655;848
2025.08.10 21:38:00;3352.648575;3353.378917;3351.591035;3351.675432;1828
2025.08.10 21:43:00;3351.846649;3352.315219;3351.582904;3352.176045;1218
2025.08.10 21:48:00;3353.758969;3353.865680;3353.125930;3353.136098;896
2025.08.10 21:53:00;3353.225647;3353.306416;3353.102479;3353.122811;703
2025.08.10 21:58:00;3353.918359;3354.501405;3353.709001;3353.859991;934
2025.08.10 22:03:00;3351.739783;3352.172488;3351.198965;3351.443909;1154
2025.08.10 22:08:00;3352.476127;3352.974841;3352.365221;3352.469555;1039
2025.08.10 22:13:00;3352.761475;3352.792857;3352.599843;3352.612404;1776
2025.08.10 22:18:00;3351.542531;3351.989650;3350.642515;3351.385562;1591
2025.08.10 22:23:00;3351.909060;3352.412491;3351.299617;3351.688078;1103
2025.08.10 22:28:00;3351.611680;3352.257800;3351.466732;3351.995642;790
2025.08.10 22:33:00;3351.920803;3352.257477;3351.458854;3351.620923;941
2025.08.10 22:38:00;3352.883742;3353.568430;3352.499926;3353.196200;1605
2025.08.10 22:43:00;3352.572672;3352.579980;3352.024060;3352.117410;1688
2025.08.10 22:48:00;3351.618384;3351.727898;3351.479302;3351.713823;1415
2025.08.10 22:53:00;3350.580823;3351.202244;3350.503292;3350.731246;1873
2025.08.10 22:58:00;3350.450160;3350.983917;3350.238655;3350.267947;1837
2025.08.10 23:03:00;3350.778089;3351.022825;3350.661626;3350.741353;962
2025.08.10 23:08:00;3349.010392;3350.102800;3348.391113;3348.708039;1136
2025.08.10 23:13:00;3346.820345;3347.654620;3346.207066;3346.291420;1451
2025.08.10 23:18:00;3346.636123;3346.704936;3345.808945;3346.159685;1018
2025.08.10 23:23:00;3345.478578;3345.727843;3345.136420;3345.267145;613
2025.08.10 23:28:00;3345.532062;3345.793052;3345.428635;3345.669821;1763
2025.08.10 23:33:00;3343.975105;3344.585288;3343.209346;3344.180646;872
2025.08.10 23:38:00;3344.464072;3344.868715;3343.901156;3343.910767;905
2025.08.10 23:43:00;3344.840665;3345.425016;3343.979043;3344.706119;1059
2025.08.10 23:48:00;3344.944784;3345.435660;3344.776976;3344.970515;1119
2025.08.10 23:53:00;3344.941240;3345.691501;3344.258996;3344.274658;1407
2025.08.10 23:58:00;3344.112715;3344.567566;3344.006863;3344.201147;1294
2025.08.11 00:03:00;3343.378024;3343.557401;3342.854427;3343.213647;793
2025.08.11 00:08:00;3344.249623;3344.907707;3344.237876;3344.414225;1183
2025.08.11 00:13:00;3343.618994;3344.608830;3343.349961;3344.271916;1463
2025.08.11 00:18:00;3345.634338;3346.565854;3345.015413;3346.326870;1912
2025.08.11 00:23:00;3345.869705;3346.446436;3345.345144;3346.271243;1601
2025.08.11 00:28:00;3347.488048;3347.585571;3347.111955;3347.339218;795
2025.08.11 00:33:00;3349.111527;3349.512383;3349.102826;3349.273510;827
2025.08.11 00:38:00;3347.874883;3349.121813;3347.761108;3348.734229;503
2025.08.11 00:43:00;3347.987387;3348.024123;3347.304337;3347.779608;1731
2025.08.11 00:48:00;3345.848846;3345.946987;3344.891836;3345.056700;554
2025.08.11 00:53:00;3343.765732;3344.147586;3343.685649;3344.050228;1822
2025.08.11 00:58:00;3343.868466;3344.592268;3343.804359;3343.917850;1127
2025.08.11 01:03:00;3343.685860;3344.022017;3343.683643;3343.990767;1806
2025.08.11 01:08:00;3343.566997;3343.575264;3342.963108;3343.211534;1564
2025.08.11 01:13:00;3341.222099;3341.850500;3340.668332;3340.796866;1115
2025.08.11 01:18:00;3339.229379;3339.997064;3339.012975;3339.721818;1171
2025.08.11 01:23:00;3338.995880;3339.760810;3338.787654;3339.008596;1805
2025.08.11 01:28:00;3339.376038;3339.881172;3339.278180;3339.825734;1181
2025.08.11 01:33:00;3339.450780;3339.970189;3338.897659;3339.255712;1950
2025.08.11 01:38:00;3337.212826;3337.348263;3336.309793;3336.328533;1796
2025.08.11 01:43:00;3337.332479;3337.446331;3336.691431;3336.969599;1765
2025.08.11 01:48:00;3338.173482;3338.789379;3337.870975;3338.664094;1885
2025.08.11 01:53:00;3337.725559;3338.011407;3337.529646;3337.719605;722
2025.08.11 01:58:00;3338.774687;3339.480464;3338.422229;3338.649767;1943
2025.08.11 02:03:00;3338.301101;3338.383709;3338.100749;3338.318022;992
2025.08.11 02:08:00;3338.622226;3339.033338;3337.607041;3338.481506;1076
2025.08.11 02:13:00;3338.720100;3338.794511;3338.571701;3338.670255;641
2025.08.11 02:18:00;3337.740954;3338.422192;3337.740815;3337.905106;690
2025.08.11 02:23:00;3338.508290;3338.594298;3337.915717;3338.566497;894
2025.08.11 02:28:00;3340.003986;3340.448002;3339.763850;3340.197192;1158
2025.08.11 02:33:00;3340.855470;3340.939276;3340.394289;3340.724776;1950
2025.08.11 02:38:00;3339.872033;3340.120282;3339.419860;3339.706687;1937
2025.08.11 02:43:00;3340.845987;3340.872539;3340.315031;3340.475116;933
2025.08.11 02:48:00;3339.223915;3340.348617;3338.764544;3340.295692;771
2025.08.11 02:53:00;3339.324524;3340.308838;3338.284866;3338.402308;1782
2025.08.11 02:58:00;3338.473748;3338.497530;3338.150386;3338.160895;1233
2025.08.11 03:03:00;3338.417092;3339.042856;3338.055806;3338.314280;884
2025.08.11 03:08:00;3340.958599;3341.587718;3340.583222;3341.474524;1516
2025.08.11 03:13:00;3342.482194;3343.117833;3342.394826;3343.067225;1779
2025.08.11 03:18:00;3343.903579;3344.445699;3343.837823;3344.362660;1383
2025.08.11 03:23:00;3343.854084;3344.627577;3343.732806;3344.196317;516
2025.08.11 03:28:00;3346.266510;3346.308641;3345.806825;3346.257914;1204
2025.08.11 03:33:00;3347.394472;3347.506277;3347.052510;3347.267319;1527
2025.08.11 03:38:00;3346.566445;3346.905311;3346.318424;3346.625373;619
2025.08.11 03:43:00;3346.564285;3347.178078;3345.839608;3346.407201;1727
2025.08.11 03:48:00;3349.467860;3349.763819;3348.782111;3349.699290;1608
2025.08.11 03:53:00;3347.820812;3348.262385;3347.003645;3348.019762;1250
2025.08.11 03:58:00;3347.045962;3347.248087;3346.103482;3346.910885;602
2025.08.11 04:03:00;3347.030287;3347.315481;3346.690311;3346.818450;1543
2025.08.11 04:08:00;3346.144915;3346.769462;3345.819097;3346.678213;1166
2025.08.11 04:13:00;3345.132824;3345.264176;3344.515395;3344.959022;1902
2025.08.11 04:18:00;3345.847903;3346.236888;3345.654170;3345.734860;543
2025.08.11 04:23:00;3345.736427;3345.781928;3345.359009;3345.639071;640
2025.08.11 04:28:00;3346.879179;3347.360694;3346.548174;3347.325040;613
2025.08.11 04:33:00;3347.263255;3347.610946;3346.960317;3347.539628;1523
2025.08.11 04:38:00;3347.039574;3347.373389;3347.011373;3347.097750;1513
2025.08.11 04:43:00;3347.126519;3347.444865;3347.035244;3347.106887;1478
2025.08.11 04:48:00;3347.986791;3348.884009;3347.472241;3347.651193;1706
2025.08.11 04:53:00;3347.458493;3347.650239;3347.102472;3347.147876;1173
2025.08.11 04:58:00;3348.723432;3348.748766;3348.514277;3348.683430;1418
2025.08.11 05:03:00;3348.090158;3348.397368;3347.985283;3348.016080;1385
2025.08.11 05:08:00;3347.091108;3347.676509;3345.833645;3347.570046;1823
2025.08.11 05:13:00;3347.724156;3348.039017;3347.542396;3347.916799;698
2025.08.11 05:18:00;3348.806012;3349.050663;3348.651522;3348.679152;826
2025.08.11 05:23:00;3346.871532;3347.038813;3346.125461;3346.945739;707
2025.08.11 05:28:00;3347.453367;3347.758089;3346.957915;3347.033579;916
2025.08.11 05:33:00;3345.980837;3346.088286;3345.481728;3345.794702;1392
2025.08.11 05:38:00;3346.269853;3346.431264;3345.745033;3346.140246;794
2025.08.11 05:43:00;3343.728204;3344.163248;3343.424434;3343.902538;1792
2025.08.11 05:48:00;3343.976585;3344.105013;3343.880280;3343.923344;804
2025.08.11 05:53:00;3344.865755;3345.474512;3344.820032;3345.148461;646
2025.08.11 05:58:00;3345.065914;3346.110207;3344.946477;3346.027063;1197
2025.08.11 06:03:00;3345.705167;3345.833838;3345.493701;3345.547284;994
2025.08.11 06:08:00;3346.148343;3346.404320;3346.044305;3346.044859;1345
2025.08.11 06:13:00;3347.932333;3348.011293;3347.761801;3347.902894;1699
2025.08.11 06:18:00;3349.361715;3350.287900;3348.923967;3350.266865;1459
2025.08.11 06:23:00;3350.570889;3351.149657;3350.158349;3350.784250;1754
2025.08.11 06:28:00;3352.953480;3353.007224;3352.899003;3352.911970;1353
2025.08.11 06:33:00;3352.570110;3352.870543;3352.119087;3352.645587;1635
2025.08.11 06:38:00;3352.356846;3352.799509;3352.287146;3352.600143;875
2025.08.11 06:43:00;3354.487162;3354.571504;3354.192961;3354.555535;974
2025.08.11 06:48:00;3353.662276;3354.094856;3353.176183;3353.847231;1889
2025.08.11 06:53:00;3353.263003;3353.461979;3352.836007;3353.083273;1972
2025.08.11 06:58:00;3355.727856;3355.841986;3355.544891;3355.638953;902
2025.08.11 07:03:00;3354.879379;3355.458997;3354.288870;3354.831141;724
2025.08.11 07:08:00;3355.752323;3356.015351;3355.535762;3355.868114;1948
2025.08.11 07:13:00;3356.643499;3356.832809;3356.420325;3356.463661;611
2025.08.11 07:18:00;3358.666059;3358.836636;3358.146132;3358.821947;1774
2025.08.11 07:23:00;3359.554289;3360.172024;3359.476481;3359.967350;754
2025.08.11 07:28:00;3360.797492;3361.063072;3360.757934;3360.992382;853
2025.08.11 07:33:00;3359.459886;3359.826508;3359.195503;3359.503005;1923
2025.08.11 07:38:00;3360.343988;3360.878993;3360.342520;3360.529679;1640
2025.08.11 07:43:00;3359.551014;3359.780079;3359.286489;3359.478487;898
2025.08.11 07:48:00;3359.054056;3359.517665;3357.885569;3358.600994;1202
2025.08.11 07:53:00;3357.969579;3358.401653;3357.829428;3358.133389;1053
2025.08.11 07:58:00;3360.158977;3360.474367;3359.506121;3359.593483;670
2025.08.11 08:03:00;3358.949265;3359.080857;3358.797520;3358.950100;1227
2025.08.11 08:08:00;3358.942346;3359.839498;3358.546301;3359.530445;1402
2025.08.11 08:13:00;3359.387781;3359.626975;3359.004650;3359.594402;1607
2025.08.11 08:18:00;3360.172536;3361.183301;3359.774316;3360.082282;1704
2025.08.11 08:23:00;3360.351913;3360.481421;3360.232226;3360.358732;793
2025.08.11 08:28:00;3360.899223;3361.577993;3360.582503;3360.943900;835
2025.08.11 08:33:00;3360.489033;3360.663367;3360.287950;3360.335761;1877
2025.08.11 08:38:00;3359.192669;3359.576546;3358.839084;3359.361014;1986
2025.08.11 08:43:00;3359.521378;3360.118232;3359.327975;3359.729054;1195
2025.08.11 08:48:00;3358.581901;3359.186567;3358.492620;3358.917097;993
2025.08.11 08:53:00;3359.520283;3360.325955;3358.514662;3360.085936;707
2025.08.11 08:58:00;3360.853495;3360.898807;3360.543457;3360.632157;628
2025.08.11 09:03:00;3361.143906;3362.015588;3360.924489;3361.709142;610
2025.08.11 09:08:00;3360.277983;3360.360321;3359.594310;3359.636420;660
2025.08.11 09:13:00;3359.897274;3360.983079;3359.692936;3359.790535;1565
2025.08.11 09:18:00;3358.401633;3358.765028;3358.035815;3358.736641;1976
2025.08.11 09:23:00;3358.642704;3359.227623;3357.844165;3358.368562;1458
2025.08.11 09:28:00;3358.480320;3359.241139;3358.475557;3358.535986;1668
2025.08.11 09:33:00;3359.027691;3359.164761;3358.726089;3359.054249;720
2025.08.11 09:38:00;3358.952287;3360.159458;3358.646491;3360.121737;1532
2025.08.11 09:43:00;3359.986540;3360.739188;3359.510851;3360.274951;1770
2025.08.11 09:48:00;3360.130758;3360.998724;3359.921631;3360.520597;1759
2025.08.11 09:53:00;3359.272855;3359.314421;3358.254850;3359.104620;1919
2025.08.11 09:58:00;3358.331186;3358.506262;3358.299642;3358.493184;1146
2025.08.11 10:03:00;3359.494988;3360.213200;3359.397310;3359.431527;1540
2025.08.11 10:08:00;3358.597204;3360.046555;3357.807230;3358.936198;1759
2025.08.11 10:13:00;3359.149867;3359.214702;3358.650781;3359.158709;1550
2025.08.11 10:18:00;3357.940076;3358.703039;3357.935078;3358.183507;1974
2025.08.11 10:23:00;3358.150435;3358.579708;3357.986741;3358.447802;1669
2025.08.11 10:28:00;3358.117598;3358.135174;3358.014460;3358.112020;550
2025.08.11 10:33:00;3358.893480;3359.068956;3358.799521;3359.013782;1959
2025.08.11 10:38:00;3359.904722;3360.396941;3359.577385;3360.219695;1634
2025.08.11 10:43:00;3359.645171;3360.181941;3359.356831;3360.168419;1748
2025.08.11 10:48:00;3358.495060;3358.748266;3357.601042;3358.373710;1818
2025.08.11 10:53:00;3359.223657;3359.441812;3358.881597;3359.104610;1409
2025.08.11 10:58:00;3358.515791;3358.800838;3358.124506;3358.637910;653
2025.08.11 11:03:00;3358.534256;3358.622542;3357.850149;3358.101503;1225
2025.08.11 11:08:00;3359.309816;3359.478437;3358.428057;3359.217198;1601
2025.08.11 11:13:00;3360.094425;3360.132749;3359.665880;3359.804150;1884
2025.08.11 11:18:00;3360.414197;3360.673745;3360.262432;3360.661542;1338
2025.08.11 11:23:00;3361.399356;3361.994578;3361.168087;3361.344335;921
2025.08.11 11:28:00;3361.687112;3362.331028;3361.357433;3362.000749;1984
2025.08.11 11:33:00;3362.087436;3362.781957;3360.826951;3361.088687;1967
2025.08.11 11:38:00;3360.239681;3360.297657;3359.116068;3359.404009;1390
2025.08.11 11:43:00;3359.021705;3359.317435;3358.787235;3359.235134;1854
2025.08.11 11:48:00;3358.863045;3359.046333;3358.810733;3359.028769;1244
2025.08.11 11:53:00;3357.772914;3358.672451;3357.700694;3358.450266;1716
2025.08.11 11:58:00;3358.182072;3359.059957;3357.899757;3358.694786;1550
2025.08.11 12:03:00;3360.804525;3360.882407;3359.987687;3360.446613;553
2025.08.11 12:08:00;3360.858839;3362.009125;3360.464450;3361.205058;1152
2025.08.11 12:13:00;3361.653515;3361.993532;3361.341580;3361.515888;1711
2025.08.11 12:18:00;3362.342701;3362.577993;3362.166959;3362.348189;1019
2025.08.11 12:23:00;3363.080146;3363.339426;3362.451253;3362.558907;1508
2025.08.11 12:28:00;3361.261807;3361.568129;3361.002337;3361.275509;1625
2025.08.11 12:33:00;3361.108608;3361.573534;3361.035692;3361.362061;1098
2025.08.11 12:38:00;3361.522836;3361.784433;3361.200042;3361.616006;1000
2025.08.11 12:43:00;3362.189813;3362.439501;3362.129367;3362.152227;1968
2025.08.11 12:48:00;3362.076358;3362.326934;3361.884286;3362.264080;1418
2025.08.11 12:53:00;3362.198099;3362.951096;3361.582340;3362.877814;812
2025.08.11 12:58:00;3361.585064;3362.092339;3361.109059;3361.193383;790
2025.08.11 13:03:00;3363.039505;3363.200497;3362.321015;3362.995222;1546
2025.08.11 13:08:00;3363.720016;3364.319681;3363.697850;3363.819803;1563
2025.08.11 13:13:00;3363.809692;3364.229457;3363.195755;3364.227180;1015
2025.08.11 13:18:00;3362.317573;3362.918145;3361.941759;3362.755999;676
2025.08.11 13:23:00;3364.160864;3364.281932;3364.002615;3364.281511;1158
2025.08.11 13:28:00;3365.266082;3365.936030;3363.786653;3365.464443;538
2025.08.11 13:33:00;3365.587691;3366.604603;3364.869941;3366.307163;1875
2025.08.11 13:38:00;3366.804021;3367.105773;3366.689576;3366.954301;1451
2025.08.11 13:43:00;3365.932901;3366.529976;3365.763632;3366.382231;1297
2025.08.11 13:48:00;3368.058828;3368.449122;3367.582744;3368.021490;1571
2025.08.11 13:53:00;3368.006842;3368.510529;3366.909588;3367.764715;1761
2025.08.11 13:58:00;3367.843608;3368.636403;3367.707266;3368.189011;1591
2025.08.11 14:03:00;3368.596329;3369.267417;3368.163888;3368.570987;1935
2025.08.11 14:08:00;3368.590442;3368.952427;3368.147214;3368.421386;1884
2025.08.11 14:13:00;3366.328170;3366.659602;3365.730899;3366.150426;1831
2025.08.11 14:18:00;3364.904840;3364.996708;3364.806722;3364.916410;1929
2025.08.11 14:23:00;3365.740904;3366.701589;3365.252937;3366.376210;762
2025.08.11 14:28:00;3365.742331;3366.155418;3365.629564;3365.679483;1031
2025.08.11 14:33:00;3364.896218;3365.050432;3364.580424;3364.866614;1040
2025.08.11 14:38:00;3363.451497;3363.572738;3363.010612;3363.310343;659
2025.08.11 14:43:00;3363.276294;3363.623106;3362.927491;3363.088122;977
2025.08.11 14:48:00;3363.670829;3363.794965;3363.372848;3363.630122;1638
2025.08.11 14:53:00;3362.951371;3363.252460;3362.790491;3362.998307;1954
2025.08.11 14:58:00;3363.751485;3364.101900;3363.683180;3364.052178;914
2025.08.11 15:03:00;3363.663099;3364.003467;3363.299543;3363.553530;1735
2025.08.11 15:08:00;3365.107042;3365.250514;3365.074770;3365.211834;1340
2025.08.11 15:13:00;3364.203158;3364.690114;3363.534049;3364.507712;652
2025.08.11 15:18:00;3364.564352;3364.955093;3363.455419;3364.285267;777
2025.08.11 15:23:00;3363.735952;3364.288636;3363.292373;3363.678397;1788
2025.08.11 15:28:00;3363.167385;3363.300091;3363.093823;3363.148594;1603
2025.08.11 15:33:00;3363.187958;3363.405189;3363.135576;3363.175964;1880
2025.08.11 15:38:00;3364.013727;3364.341154;3363.763184;3363.763472;1396
2025.08.11 15:43:00;3363.452604;3364.158007;3363.014778;3363.511609;1158
2025.08.11 15:48:00;3363.073311;3363.243642;3362.829268;3363.002842;766
2025.08.11 15:53:00;3361.843486;3362.186610;3361.554526;3362.088414;1443
2025.08.11 15:58:00;3363.527440;3363.688478;3362.580001;3363.059514;873
2025.08.11 16:03:00;3363.617244;3364.341227;3363.133907;3363.137942;1706
2025.08.11 16:08:00;3363.344375;3363.514929;3363.255953;3363.478056;1969
2025.08.11 16:13:00;3360.977524;3361.181730;3360.573008;3360.865206;737
2025.08.11 16:18:00;3360.479312;3360.490757;3359.850191;3360.478601;1252
2025.08.11 16:23:00;3359.640665;3360.723753;3358.742661;3359.001386;1345
2025.08.11 16:28:00;3358.643596;3358.661465;3357.940157;3358.419297;1980
2025.08.11 16:33:00;3356.581280;3357.047298;3356.389436;3356.730567;1817
2025.08.11 16:38:00;3358.142559;3358.391464;3357.562334;3357.992623;1909
2025.08.11 16:43:00;3356.710243;3357.134069;3356.407227;3356.727747;1323
2025.08.11 16:48:00;3355.977632;3357.005231;3355.653708;3356.710673;1021
2025.08.11 16:53:00;3355.534318;3355.821625;3355.484999;3355.488919;1237
2025.08.11 16:58:00;3356.535183;3356.867869;3356.439241;3356.705228;1476
2025.08.11 17:03:00;3357.339459;3358.042840;3356.485160;3356.760881;1282
2025.08.11 17:08:00;3359.162640;3359.778654;3358.225106;3358.460131;1617
2025.08.11 17:13:00;3358.608543;3358.907098;3358.055077;3358.864010;1033
2025.08.11 17:18:00;3359.401536;3360.442381;3359.350582;3359.597629;569
2025.08.11 17:23:00;3358.422190;3358.871948;3357.467727;3357.662953;1847
2025.08.11 17:28:00;3359.045271;3359.506782;3358.850532;3359.361783;1018
2025.08.11 17:33:00;3360.012811;3360.197063;3359.664952;3359.786805;1459
2025.08.11 17:38:00;3358.291935;3359.094815;3358.227473;3358.496687;1297
2025.08.11 17:43:00;3358.794468;3358.886906;3358.710992;3358.808244;1946
2025.08.11 17:48:00;3360.662201;3360.906698;3360.362253;3360.833741;1447
2025.08.11 17:53:00;3360.389639;3361.534433;3360.153851;3360.713759;1655
2025.08.11 17:58:00;3361.228862;3361.343084;3360.127945;3361.003350;1444
2025.08.11 18:03:00;3359.976469;3360.594517;3359.781927;3359.931470;698
2025.08.11 18:08:00;3360.612352;3361.491691;3359.651860;3360.163757;1036
2025.08.11 18:13:00;3359.475310;3359.621589;3359.436171;3359.510033;1161
2025.08.11 18:18:00;3361.413147;3362.060979;3360.892079;3361.583309;1281
2025.08.11 18:23:00;3360.524871;3360.865607;3359.892242;3360.637685;1490
2025.08.11 18:28:00;3362.017792;3362.165109;3361.997987;3362.112768;665
2025.08.11 18:33:00;3362.300200;3362.549187;3362.061406;3362.182084;1107
2025.08.11 18:38:00;3361.972435;3362.032486;3361.784027;3362.008609;1001
2025.08.11 18:43:00;3363.070252;3363.124525;3361.992631;3362.193457;683
2025.08.11 18:48:00;3361.238660;3361.450514;3360.543467;3360.760597;1990
2025.08.11 18:53:00;3362.608909;3362.958851;3361.417391;3361.535823;970
2025.08.11 18:58:00;3360.598343;3361.155828;3360.338362;3361.120613;651
2025.08.11 19:03:00;3359.505977;3359.556609;3359.262568;3359.294203;599
2025.08.11 19:08:00;3359.940808;3360.552706;3359.828263;3360.549697;561
2025.08.11 19:13:00;3359.768139;3360.026364;3359.707496;3359.829740;743
2025.08.11 19:18:00;3360.750805;3360.962827;3360.519623;3360.753805;507
2025.08.11 19:23:00;3360.879897;3361.020983;3360.832869;3360.883088;1122
2025.08.11 19:28:00;3361.454555;3361.499096;3360.819494;3360.848193;1677
2025.08.11 19:33:00;3361.556229;3361.805814;3361.470256;3361.573950;1322
2025.08.11 19:38:00;3361.832373;3362.338006;3361.370859;3362.155385;990
2025.08.11 19:43:00;3363.184966;3363.261411;3362.924815;3363.143045;1241
2025.08.11 19:48:00;3363.392900;3364.202355;3363.265478;3363.316574;919
2025.08.11 19:53:00;3363.139280;3363.277196;3362.832341;3363.022884;1841
2025.08.11 19:58:00;3360.322461;3360.486148;3360.231890;3360.374509;1641
2025.08.11 20:03:00;3360.465259;3361.025857;3359.640674;3359.701026;1070
2025.08.11 20:08:00;3360.744914;3360.846444;3360.156301;3360.306685;1208
2025.08.11 20:13:00;3359.973689;3360.159365;3359.812268;3359.888360;556
2025.08.11 20:18:00;3359.400204;3359.612733;3358.829046;3359.294433;1398
2025.08.11 20:23:00;3358.499404;3358.646350;3357.750198;3358.486418;662
2025.08.11 20:28:00;3358.402982;3359.268997;3358.284185;3358.838311;1984
2025.08.11 20:33:00;3356.926691;3357.772944;3356.575443;3356.654756;1811
2025.08.11 20:38:00;3357.412865;3357.910971;3357.260623;3357.761391;1100
2025.08.11 20:43:00;3358.918956;3359.760559;3357.898037;3358.868442;854
2025.08.11 20:48:00;3359.199938;3359.771980;3358.975529;3359.296747;589
2025.08.11 20:53:00;3358.981614;3359.368903;3358.616584;3358.953017;1956
2025.08.11 20:58:00;3357.944487;3358.084157;3356.953577;3358.013599;1257
2025.08.11 21:03:00;3357.678061;3357.981431;3357.276967;3357.427455;1330
2025.08.11 21:08:00;3356.988789;3357.737048;3356.170725;3357.617489;617
2025.08.11 21:13:00;3357.221654;3357.310731;3356.191917;3357.157270;811
2025.08.11 21:18:00;3359.210250;3359.366973;3358.660527;3359.277163;1904
2025.08.11 21:23:00;3359.896718;3359.926223;3358.841340;3359.367250;1989
2025.08.11 21:28:00;3359.012656;3359.456000;3358.970756;3359.391025;1384
2025.08.11 21:33:00;3359.822335;3359.883258;3359.492106;3359.622509;1607
2025.08.11 21:38:00;3360.388359;3360.489023;3360.306227;3360.382559;1824
2025.08.11 21:43:00;3359.985152;3360.367920;3358.971239;3360.334684;731
2025.08.11 21:48:00;3361.732352;3362.190038;3361.409703;3361.830884;1656
2025.08.11 21:53:00;3360.179397;3361.187925;3359.656204;3360.207933;680
2025.08.11 21:58:00;3359.203526;3359.617731;3359.158591;3359.559294;1860
2025.08.11 22:03:00;3358.864499;3359.260043;3358.738952;3358.869201;1030
2025.08.11 22:08:00;3359.200522;3359.286181;3359.068482;3359.169468;1902
2025.08.11 22:13:00;3359.329403;3359.800330;3358.634751;3359.715506;1799
2025.08.11 22:18:00;3360.138357;3360.930534;3359.768089;3360.015590;1342
2025.08.11 22:23:00;3360.519051;3360.528824;3360.374631;3360.499901;1862
2025.08.11 22:28:00;3359.270535;3359.292619;3358.763305;3358.823226;1224
2025.08.11 22:33:00;3359.881659;3359.915480;3359.874687;3359.892350;1822
2025.08.11 22:38:00;3358.089784;3358.611337;3357.789278;3358.469566;1354
2025.08.11 22:43:00;3358.032439;3358.162061;3357.846995;3358.122679;572
2025.08.11 22:48:00;3359.016364;3359.306041;3358.631407;3358.979213;1379
2025.08.11 22:53:00;3361.262400;3361.481845;3360.433997;3360.499283;1363
2025.08.11 22:58:00;3359.119833;3359.244146;3358.243388;3358.848445;528
2025.08.11 23:03:00;3359.735009;3360.423370;3359.430509;3360.093003;867
2025.08.11 23:08:00;3359.691252;3360.240270;3358.866127;3359.892606;805
2025.08.11 23:13:00;3361.006068;3361.725909;3360.836524;3361.452666;1585
2025.08.11 23:18:00;3360.826190;3361.158580;3360.587162;3361.095903;1492
2025.08.11 23:23:00;3360.943685;3360.975372;3360.938002;3360.960802;741
2025.08.11 23:28:00;3359.767128;3359.774406;3359.037509;3359.584863;854
2025.08.11 23:33:00;3360.092024;3360.276927;3359.333132;3360.209694;736
2025.08.11 23:38:00;3360.324621;3360.562325;3360.107476;3360.475976;602
2025.08.11 23:43:00;3361.372337;3361.820711;3360.948002;3361.228292;619
2025.08.11 23:48:00;3359.573261;3359.732956;3358.474499;3359.350019;727
2025.08.11 23:53:00;3358.942485;3359.154248;3358.609895;3358.898839;625
2025.08.11 23:58:00;3358.376769;3358.522369;3358.136232;3358.216968;1906
2025.08.12 00:03:00;3357.677085;3358.073856;3356.972629;3357.009421;1971
2025.08.12 00:08:00;3356.634543;3356.737311;3356.264225;3356.331325;1932
2025.08.12 00:13:00;3354.892923;3355.335293;3354.161375;3354.284935;773
2025.08.12 00:18:00;3353.189603;3353.674329;3352.960250;3353.513620;1998
2025.08.12 00:23:00;3354.845821;3355.200205;3354.800333;3354.916122;874
2025.08.12 00:28:00;3355.056763;3355.157864;3354.906112;3355.067631;701
2025.08.12 00:33:00;3354.666246;3354.941805;3353.782871;3353.990173;1140
2025.08.12 00:38:00;3353.058150;3353.103091;3352.310735;3352.496720;695
2025.08.12 00:43:00;3352.792633;3354.046744;3352.659293;3353.924668;936
2025.08.12 00:48:00;3353.477332;3354.148244;3352.514371;3353.174731;1279
2025.08.12 00:53:00;3354.138251;3354.635554;3353.415449;3353.744292;1183
2025.08.12 00:58:00;3353.313862;3353.858638;3352.744518;3353.099348;927
2025.08.12 01:03:00;3353.436774;3353.475095;3353.333729;3353.463851;1210
2025.08.12 01:08:00;3352.863555;3353.373257;3352.804024;3353.091223;1293
2025.08.12 01:13:00;3353.974416;3354.188785;3353.303589;3353.579234;563
2025.08.12 01:18:00;3354.089729;3354.356252;3353.932028;3353.948180;1671
2025.08.12 01:23:00;3354.157035;3354.296704;3353.540587;3354.262488;530
2025.08.12 01:28:00;3355.106630;3355.684986;3354.686853;3355.153074;1326
2025.08.12 01:33:00;3354.256808;3354.553943;3354.015400;3354.551685;868
2025.08.12 01:38:00;3354.488310;3354.672097;3354.293883;3354.598051;1292
2025.08.12 01:43:00;3353.199039;3353.529920;3352.990876;3353.069150;984
2025.08.12 01:48:00;3353.823461;3353.984678;3353.649747;3353.731608;924
2025.08.12 01:53:00;3352.903391;3353.748985;3351.988131;3352.014570;1502
2025.08.12 01:58:00;3350.719531;3351.023899;3350.377045;3350.959772;1134
2025.08.12 02:03:00;3352.992632;3353.335577;3352.735654;3352.826082;912
2025.08.12 02:08:00;3353.227117;3353.484774;3353.179005;3353.310193;1466
2025.08.12 02:13:00;3355.094215;3355.645001;3354.644812;3355.194557;886
2025.08.12 02:18:00;3356.166605;3356.839351;3355.340390;3356.536811;528
2025.08.12 02:23:00;3356.544660;3356.819078;3356.216966;3356.297069;734
2025.08.12 02:28:00;3356.418656;3356.603736;3356.288046;3356.448351;902
2025.08.12 02:33:00;3355.155301;3355.847751;3354.710397;3355.509307;670
2025.08.12 02:38:00;3354.176992;3354.243689;3353.902899;3354.134266;1160
2025.08.12 02:43:00;3353.487010;3353.522313;3352.933390;3353.072471;1808
2025.08.12 02:48:00;3353.374470;3353.860909;3352.651324;3353.040500;1539
2025.08.12 02:53:00;3352.599349;3353.540415;3352.294226;3352.946605;1279
2025.08.12 02:58:00;3353.611570;3353.695773;3353.564960;3353.602579;1543
2025.08.12 03:03:00;3355.192129;3355.951486;3354.700187;3355.817116;1088
2025.08.12 03:08:00;3357.635080;3357.976718;3357.069112;3357.351677;1689
2025.08.12 03:13:00;3356.466825;3356.493885;3356.069079;3356.178974;520
2025.08.12 03:18:00;3356.649858;3356.673014;3356.247549;3356.414036;1410
2025.08.12 03:23:00;3356.788241;3356.798449;3356.138526;3356.310461;1941
2025.08.12 03:28:00;3357.544240;3357.877883;3356.619216;3357.702052;518
2025.08.12 03:33:00;3358.960201;3359.173631;3357.988714;3358.392886;1592
2025.08.12 03:38:00;3358.765659;3359.034077;3358.754750;3358.918645;1203
2025.08.12 03:43:00;3360.784773;3361.586522;3360.399505;3360.950357;1759
2025.08.12 03:48:00;3362.555583;3363.014394;3362.079661;3362.327280;1115
2025.08.12 03:53:00;3362.941369;3363.575133;3361.944065;3362.895167;790
2025.08.12 03:58:00;3361.048530;3361.442143;3360.434491;3361.156873;678
2025.08.12 04:03:00;3359.154799;3359.638316;3358.944542;3359.617013;1449
2025.08.12 04:08:00;3359.448146;3359.460602;3359.080294;3359.100532;1830
2025.08.12 04:13:00;3356.146043;3356.276755;3355.748741;3355.766779;1974
2025.08.12 04:18:00;3357.811329;3358.602242;3357.725343;3358.119586;1153
2025.08.12 04:23:00;3358.531658;3359.076881;3357.391437;3358.639734;591
2025.08.12 04:28:00;3358.032865;3358.483100;3357.329216;3357.573225;658
2025.08.12 04:33:00;3357.852707;3357.935073;3357.406720;3357.456230;1011
2025.08.12 04:38:00;3357.670581;3357.965097;3357.502488;3357.955127;1567
2025.08.12 04:43:00;3356.441137;3356.780800;3355.644936;3355.875766;1718
2025.08.12 04:48:00;3354.538586;3354.726748;3353.670700;3354.175458;1857
2025.08.12 04:53:00;3355.022304;3356.107912;3354.716029;3355.520314;1196
2025.08.12 04:58:00;3356.171861;3356.568570;3356.064923;3356.252270;640
2025.08.12 05:03:00;3356.489721;3356.568450;3356.178174;3356.405452;991
2025.08.12 05:08:00;3355.749221;3356.042159;3355.470620;3355.946604;1221
2025.08.12 05:13:00;3356.032067;3356.539129;3355.662657;3355.707936;1525
2025.08.12 05:18:00;3354.545962;3354.680039;3354.472863;3354.484049;1347
2025.08.12 05:23:00;3355.970149;3356.630551;3355.724156;3356.375737;741
2025.08.12 05:28:00;3355.603549;3355.871908;3355.543479;3355.547492;1827
2025.08.12 05:33:00;3354.253463;3354.626962;3354.164552;3354.280213;1647
2025.08.12 05:38:00;3353.809457;3354.396054;3353.646687;3354.387422;1714
2025.08.12 05:43:00;3354.467223;3355.192958;3354.355457;3355.121606;1043
2025.08.12 05:48:00;3355.387476;3356.116942;3354.628810;3355.783123;1365
2025.08.12 05:53:00;3356.763447;3356.955429;3356.076238;3356.800970;665
2025.08.12 05:58:00;3359.186873;3359.424773;3358.630686;3358.966174;1829
2025.08.12 06:03:00;3357.532146;3357.812488;3357.347818;3357.601773;1358
2025.08.12 06:08:00;3358.200475;3358.744886;3357.765435;3358.114006;1660
2025.08.12 06:13:00;3358.344013;3358.552642;3357.485089;3357.709713;1178
2025.08.12 06:18:00;3357.341592;3357.899494;3357.127391;3357.366412;1167
2025.08.12 06:23:00;3357.569154;3358.169968;3357.513299;3357.932582;935
2025.08.12 06:28:00;3357.724376;3357.755117;3357.032548;3357.517945;1825
2025.08.12 06:33:00;3356.194620;3356.490089;3355.839881;3356.117241;546
2025.08.12 06:38:00;3355.285493;3355.988208;3354.993731;3355.753263;1654
2025.08.12 06:43:00;3355.758861;3356.285029;3355.540507;3355.594965;846
2025.08.12 06:48:00;3357.757617;3357.911090;3357.531143;3357.611635;1510
2025.08.12 06:53:00;3358.108307;3358.153233;3357.626604;3357.671939;1633
2025.08.12 06:58:00;3359.210353;3359.223883;3358.852583;3358.869178;1967
2025.08.12 07:03:00;3358.544156;3358.660338;3357.129051;3357.602878;1544
2025.08.12 07:08:00;3359.666140;3360.296897;3359.139917;3359.563260;727
2025.08.12 07:13:00;3360.192397;3360.255929;3360.136067;3360.164040;1891
2025.08.12 07:18:00;3359.795165;3360.025608;3358.995060;3359.402753;897
2025.08.12 07:23:00;3362.066995;3362.620477;3361.558541;3362.204616;1508
2025.08.12 07:28:00;3363.427394;3363.691140;3363.401252;3363.582481;775
2025.08.12 07:33:00;3363.300055;3363.362736;3362.775296;3363.257438;1991
2025.08.12 07:38:00;3363.467583;3363.881780;3363.430782;3363.504844;1869
2025.08.12 07:43:00;3364.389919;3364.721857;3364.094956;3364.193319;1361
2025.08.12 07:48:00;3364.440881;3364.969303;3364.086014;3364.706763;912
2025.08.12 07:53:00;3365.595177;3366.658606;3365.365954;3366.068853;1776
2025.08.12 07:58:00;3368.179765;3368.411759;3367.162095;3367.582663;686
2025.08.12 08:03:00;3367.219238;3367.342028;3366.814906;3367.335817;813
2025.08.12 08:08:00;3366.044620;3366.292458;3365.996809;3366.034068;1721
2025.08.12 08:13:00;3365.904629;3366.129886;3365.833906;3365.908631;1057
2025.08.12 08:18:00;3364.664260;3364.847782;3364.466010;3364.831985;1618
2025.08.12 08:23:00;3364.351804;3365.019058;3363.942882;3364.148082;1885
2025.08.12 08:28:00;3362.917108;3362.990074;3362.382395;3362.518503;1968
2025.08.12 08:33:00;3362.302097;3362.494349;3362.103311;3362.143180;655
2025.08.12 08:38:00;3361.331067;3361.478962;3360.949650;3361.384480;1022
2025.08.12 08:43:00;3360.442024;3361.256238;3360.382391;3360.613450;841
2025.08.12 08:48:00;3358.911346;3359.193581;3358.473452;3358.776232;1615
2025.08.12 08:53:00;3359.305949;3360.112995;3358.701328;3359.395719;1215
2025.08.12 08:58:00;3359.711176;3359.905656;3359.387199;3359.457995;1799
2025.08.12 09:03:00;3359.522973;3360.017764;3359.141379;3359.760954;645
2025.08.12 09:08:00;3359.725381;3360.037257;3359.442244;3359.687560;539
2025.08.12 09:13:00;3359.470868;3360.311335;3358.958970;3359.267899;925
2025.08.12 09:18:00;3359.411970;3360.133368;3359.368929;3360.095469;815
2025.08.12 09:23:00;3360.904521;3360.976625;3360.345263;3360.799419;1330
2025.08.12 09:28:00;3359.714901;3359.835649;3359.274896;3359.447169;1721
2025.08.12 09:33:00;3359.223647;3359.597632;3358.752179;3359.147331;1087
2025.08.12 09:38:00;3359.850936;3360.183689;3358.886745;3360.076903;1017
2025.08.12 09:43:00;3358.405607;3358.587545;3358.231936;3358.358681;749
2025.08.12 09:48:00;3359.295659;3359.876375;3359.157063;3359.223105;1519
2025.08.12 09:53:00;3359.600578;3359.992375;3358.945351;3358.983364;787
2025.08.12 09:58:00;3358.392681;3358.978650;3357.422123;3358.686668;971
2025.08.12 10:03:00;3358.788206;3358.860028;3358.419349;3358.665823;1377
2025.08.12 10:08:00;3358.526727;3358.813513;3358.171352;3358.773996;1854
2025.08.12 10:13:00;3359.007649;3359.501189;3358.835034;3358.863643;1004
2025.08.12 10:18:00;3358.619843;3358.798182;3358.555673;3358.644333;1604
2025.08.12 10:23:00;3359.472620;3359.665655;3359.153723;3359.480748;1863
2025.08.12 10:28:00;3359.515652;3359.887551;3359.438296;3359.583657;1776
2025.08.12 10:33:00;3359.368952;3359.485038;3358.302340;3358.722090;1144
2025.08.12 10:38:00;3357.888562;3358.355247;3357.216991;3358.020652;1022
2025.08.12 10:43:00;3358.239154;3359.507080;3357.361395;3358.624698;964
2025.08.12 10:48:00;3358.919808;3359.492570;3358.424738;3358.865549;1546
2025.08.12 10:53:00;3358.823907;3359.580961;3358.590952;3358.821697;1729
2025.08.12 10:58:00;3359.099129;3359.436169;3359.076619;3359.294847;1219
2025.08.12 11:03:00;3360.108296;3360.884337;3359.510435;3360.481925;697
2025.08.12 11:08:00;3360.050422;3360.234661;3359.825218;3359.904826;747
2025.08.12 11:13:00;3359.407045;3359.725321;3359.263571;3359.689058;967
2025.08.12 11:18:00;3361.557253;3362.011834;3361.035509;3361.390197;1270
2025.08.12 11:23:00;3362.194477;3362.855509;3362.102315;3362.221253;688
2025.08.12 11:28:00;3362.997576;3363.226248;3362.810852;3363.048635;1074
2025.08.12 11:33:00;3362.298899;3363.338277;3361.850513;3362.484340;1414
2025.08.12 11:38:00;3362.606679;3362.854321;3362.381236;3362.544420;895
2025.08.12 11:43:00;3361.053038;3361.126532;3360.837323;3360.880912;1908
2025.08.12 11:48:00;3361.843258;3362.405361;3361.239961;3361.923614;1982
2025.08.12 11:53:00;3361.527780;3361.806085;3361.334948;3361.615786;1858
2025.08.12 11:58:00;3362.660061;3362.694248;3362.063964;3362.074893;1792
2025.08.12 12:03:00;3362.973086;3363.284678;3362.918741;3363.038954;1905
2025.08.12 12:08:00;3364.136314;3364.785339;3363.750932;3363.797473;1363
2025.08.12 12:13:00;3364.706512;3365.572368;3364.694967;3365.218974;531
2025.08.12 12:18:00;3364.674563;3365.169748;3364.566314;3364.576586;1248
2025.08.12 12:23:00;3363.281175;3363.862943;3362.409349;3363.208144;1121
2025.08.12 12:28:00;3363.085627;3363.588446;3363.027950;3363.162406;1342
2025.08.12 12:33:00;3361.947234;3362.672448;3361.428217;3362.073812;793
2025.08.12 12:38:00;3362.072670;3362.468657;3361.678826;3362.396784;1658
2025.08.12 12:43:00;3362.428289;3362.800786;3361.995007;3362.313446;1366
2025.08.12 12:48:00;3362.726644;3363.171199;3362.036413;3362.221947;1090
2025.08.12 12:53:00;3362.224338;3362.576092;3362.092073;3362.210255;1481
2025.08.12 12:58:00;3360.734549;3360.842034;3360.083214;3360.339690;1168
2025.08.12 13:03:00;3359.567556;3360.894861;3359.277247;3359.595009;1604
2025.08.12 13:08:00;3358.384443;3358.410869;3358.107215;3358.328531;985
2025.08.12 13:13:00;3357.223962;3357.841910;3357.188083;3357.637685;1297
2025.08.12 13:18:00;3356.262504;3356.553715;3356.113285;3356.352705;753
2025.08.12 13:23:00;3356.865763;3356.924844;3355.939052;3356.303501;1659
2025.08.12 13:28:00;3356.933313;3357.655859;3356.851806;3357.217785;1373
2025.08.12 13:33:00;3358.989941;3359.341576;3358.535687;3358.731978;1599
2025.08.12 13:38:00;3359.055071;3359.945881;3358.310856;3359.041165;1357
2025.08.12 13:43:00;3358.383571;3358.550755;3357.782877;3358.297683;1647
2025.08.12 13:48:00;3357.692691;3358.183513;3357.292345;3357.426386;1257
2025.08.12 13:53:00;3356.042076;3356.052483;3355.826721;3355.965524;633
2025.08.12 13:58:00;3354.924775;3355.007634;3353.643712;3354.010959;1145
2025.08.12 14:03:00;3354.739482;3355.793173;3354.507919;3354.576770;1519
2025.08.12 14:08:00;3353.203572;3353.596509;3352.966424;3353.155837;898
2025.08.12 14:13:00;3351.583356;3352.456623;3351.437205;3352.360931;1871
2025.08.12 14:18:00;3355.033363;3355.368392;3354.988493;3355.096279;1616
2025.08.12 14:23:00;3352.750790;3352.997191;3352.277186;3352.547151;970
2025.08.12 14:28:00;3354.029514;3354.239640;3353.890897;3353.956520;1131
2025.08.12 14:33:00;3353.980369;3354.558656;3353.857737;3353.969632;1707
2025.08.12 14:38:00;3356.378656;3356.730706;3356.293067;3356.568403;895
2025.08.12 14:43:00;3356.614426;3356.766032;3356.130294;3356.544890;937
2025.08.12 14:48:00;3356.823310;3357.038819;3356.571389;3356.608603;1815
2025.08.12 14:53:00;3356.808498;3357.048253;3356.423886;3356.938369;1371
2025.08.12 14:58:00;3358.025751;3358.078803;3357.743017;3357.887849;1857
2025.08.12 15:03:00;3359.209810;3359.419899;3358.619378;3359.163077;742
2025.08.12 15:08:00;3360.987234;3361.616614;3360.611302;3361.496402;673
2025.08.12 15:13:00;3362.502264;3362.774803;3362.179549;3362.555058;1379
2025.08.12 15:18:00;3362.666182;3362.785003;3362.291707;3362.731918;747
2025.08.12 15:23:00;3360.829483;3361.045398;3360.276735;3360.758265;969
2025.08.12 15:28:00;3360.276283;3360.985461;3359.712655;3360.526851;1261
2025.08.12 15:33:00;3360.335315;3360.676025;3360.046615;3360.369149;833
2025.08.12 15:38:00;3358.043226;3358.661412;3357.840292;3357.909198;1451
2025.08.12 15:43:00;3358.414808;3358.491899;3357.473078;3358.158486;1808
2025.08.12 15:48:00;3359.918377;3360.266949;3359.699439;3359.799297;986
2025.08.12 15:53:00;3361.184003;3361.957687;3360.345802;3360.666366;1781
2025.08.12 15:58:00;3363.402147;3363.496724;3362.796974;3362.963169;1145
2025.08.12 16:03:00;3362.839667;3364.060176;3361.969255;3363.364660;1416
2025.08.12 16:08:00;3361.837283;3363.055187;3361.692194;3361.781174;1526
2025.08.12 16:13:00;3360.561921;3360.685728;3359.431937;3359.994836;1528
2025.08.12 16:18:00;3361.006423;3361.232764;3360.750657;3360.800544;1246
2025.08.12 16:23:00;3360.847681;3361.046073;3360.529461;3360.984026;791
2025.08.12 16:28:00;3360.500654;3360.944245;3360.360354;3360.912190;1030
2025.08.12 16:33:00;3361.210792;3361.310962;3360.916178;3360.925881;1469
2025.08.12 16:38:00;3361.249500;3361.607055;3360.668518;3360.867630;1799
2025.08.12 16:43:00;3361.334022;3361.653987;3360.815297;3361.245583;673
2025.08.12 16:48:00;3360.995233;3361.644211;3360.726535;3361.270103;1299
2025.08.12 16:53:00;3362.209435;3362.997317;3361.760243;3362.522243;1913
2025.08.12 16:58:00;3363.613602;3363.855123;3362.860281;3363.635349;1640
2025.08.12 17:03:00;3363.159740;3363.205851;3362.606320;3362.612291;666
2025.08.12 17:08:00;3362.432558;3363.621076;3362.331097;3362.909195;957
2025.08.12 17:13:00;3365.409362;3366.242477;3365.128729;3366.050381;1270
2025.08.12 17:18:00;3364.465504;3364.522680;3364.115055;3364.125871;1581
2025.08.12 17:23:00;3364.185543;3364.500516;3364.108741;3364.377566;1620
2025.08.12 17:28:00;3363.952609;3364.149049;3363.333489;3363.507509;1313
2025.08.12 17:33:00;3363.166294;3363.232565;3362.798713;3363.116517;1980
2025.08.12 17:38:00;3363.267143;3363.378052;3362.629420;3362.823477;803
2025.08.12 17:43:00;3364.740477;3365.226686;3364.390032;3364.812526;1562
2025.08.12 17:48:00;3365.191298;3365.266282;3365.103929;3365.106650;527
2025.08.12 17:53:00;3365.324119;3365.742773;3365.134476;3365.284269;1368
2025.08.12 17:58:00;3366.192669;3366.430746;3366.102400;3366.158083;1389
2025.08.12 18:03:00;3367.963742;3368.010169;3367.416763;3367.579168;1629
2025.08.12 18:08:00;3368.450977;3369.033484;3367.626241;3368.247860;1580
2025.08.12 18:13:00;3369.023938;3369.327422;3368.538949;3369.229915;1378
2025.08.12 18:18:00;3368.723108;3369.376007;3368.390963;3368.553441;1394
2025.08.12 18:23:00;3368.325110;3368.553691;3368.218419;3368.265628;672
2025.08.12 18:28:00;3367.997971;3368.730402;3367.505421;3367.930625;1289
2025.08.12 18:33:00;3367.233119;3367.306941;3366.316367;3367.215893;953
2025.08.12 18:38:00;3366.547045;3366.661611;3365.913782;3366.117882;1401
2025.08.12 18:43:00;3365.397362;3366.109411;3364.886424;3365.621370;1634
2025.08.12 18:48:00;3363.022202;3363.259972;3362.964753;3363.187951;1802
2025.08.12 18:53:00;3360.556028;3360.573226;3360.530431;3360.547889;984
2025.08.12 18:58:00;3362.220321;3362.998201;3362.184820;3362.401522;954
2025.08.12 19:03:00;3360.570750;3361.265985;3360.427855;3360.644437;1867
2025.08.12 19:08:00;3358.975604;3359.214926;3358.366404;3358.805096;1324
2025.08.12 19:13:00;3357.984328;3358.249202;3357.800887;3358.161506;1980
2025.08.12 19:18:00;3357.332324;3358.236674;3356.748531;3357.755625;1282
2025.08.12 19:23:00;3359.596693;3359.980296;3359.211748;3359.569421;1205
2025.08.12 19:28:00;3360.237657;3360.657343;3359.882941;3360.209601;1856
2025.08.12 19:33:00;3359.840689;3360.451958;3358.845278;3359.067300;665
2025.08.12 19:38:00;3359.253737;3359.602966;3359.165197;3359.179392;923
2025.08.12 19:43:00;3359.712631;3360.166345;3359.453657;3359.539290;1179
2025.08.12 19:48:00;3360.302676;3360.446819;3360.253653;3360.286766;705
2025.08.12 19:53:00;3359.109194;3359.298769;3358.736485;3359.172983;1407
2025.08.12 19:58:00;3357.194341;3357.332589;3356.590343;3357.225067;1684
2025.08.12 20:03:00;3358.254408;3358.526365;3357.677185;3358.335532;1569
2025.08.12 20:08:00;3359.156119;3359.461625;3358.960016;3359.254358;522
2025.08.12 20:13:00;3358.292461;3359.184059;3357.769526;3358.664587;1518
2025.08.12 20:18:00;3357.448543;3357.753368;3356.749137;3357.146518;979
2025.08.12 20:23:00;3356.302106;3356.664014;3355.541817;3356.443302;1114
2025.08.12 20:28:00;3357.088238;3357.333065;3355.894166;3356.192445;1186
2025.08.12 20:33:00;3356.233577;3356.870216;3356.112051;3356.210497;563
2025.08.12 20:38:00;3354.112817;3354.340082;3353.538054;3354.246025;869
2025.08.12 20:43:00;3355.090215;3355.215846;3354.609305;3354.678305;1004
2025.08.12 20:48:00;3354.392773;3355.127753;3354.184547;3354.213979;1560
2025.08.12 20:53:00;3355.046886;3355.078854;3354.878956;3355.023203;1657
2025.08.12 20:58:00;3356.736090;3356.956604;3356.318093;3356.358368;1089
2025.08.12 21:03:00;3356.378304;3356.671878;3355.491480;3356.221036;1392
2025.08.12 21:08:00;3357.182780;3357.546463;3356.216169;3357.327412;1564
2025.08.12 21:13:00;3356.111421;3356.175424;3355.829012;3355.914156;928
2025.08.12 21:18:00;3355.267533;3355.397574;3355.055961;3355.204177;921
2025.08.12 21:23:00;3354.065204;3354.119331;3352.917914;3353.645774;1406
2025.08.12 21:28:00;3354.586739;3355.005349;3354.010276;3354.260011;1446
2025.08.12 21:33:00;3353.299262;3353.596131;3352.912709;3353.035772;1153
2025.08.12 21:38:00;3354.458687;3354.986231;3353.668247;3354.126009;1404
2025.08.12 21:43:00;3353.564262;3353.646005;3353.553779;3353.593310;1679
2025.08.12 21:48:00;3353.959738;3353.975216;3353.464446;3353.677918;1719
2025.08.12 21:53:00;3352.244590;3352.568981;3351.504123;3352.514488;1999
2025.08.12 21:58:00;3351.014380;3351.156014;3350.691262;3351.128753;894
2025.08.12 22:03:00;3351.115755;3351.231492;3351.052678;3351.100023;805
2025.08.12 22:08:00;3353.005854;3353.794514;3352.915164;3353.083779;1500
2025.08.12 22:13:00;3352.712784;3352.933525;3352.298784;3352.796116;1891
2025.08.12 22:18:00;3354.359651;3354.521393;3354.333649;3354.460379;1191
2025.08.12 22:23:00;3354.586491;3355.061563;3354.176209;3354.467280;1590
2025.08.12 22:28:00;3354.429684;3354.752894;3353.907981;3354.712944;1797
2025.08.12 22:33:00;3355.743536;3355.828498;3355.710641;3355.817902;1203
2025.08.12 22:38:00;3356.382240;3357.184943;3356.068953;3356.356416;1726
2025.08.12 22:43:00;3355.787296;3355.954056;3355.260701;3355.340637;1796
2025.08.12 22:48:00;3353.531111;3353.811655;3353.484176;3353.504746;555
2025.08.12 22:53:00;3352.143239;3352.530845;3351.591359;3352.063307;1894
2025.08.12 22:58:00;3351.147682;3351.447260;3350.836686;3350.841411;923
2025.08.12 23:03:00;3350.778591;3350.853301;3350.581002;3350.798392;655
2025.08.12 23:08:00;3349.916926;3350.935567;3349.122041;3349.700116;875
2025.08.12 23:13:00;3347.657746;3348.292337;3347.308042;3347.401162;1696
2025.08.12 23:18:00;3347.400471;3347.567392;3347.010496;3347.413588;1090
2025.08.12 23:23:00;3347.817297;3347.871399;3347.521628;3347.865448;616
2025.08.12 23:28:00;3349.265595;3349.945341;3348.718445;3349.116533;633
2025.08.12 23:33:00;3348.325840;3348.659760;3348.136261;3348.385936;1532
2025.08.12 23:38:00;3350.187753;3350.427520;3349.863715;3350.423570;1732
2025.08.12 23:43:00;3349.341340;3349.843275;3348.905193;3349.481768;1003
2025.08.12 23:48:00;3348.747062;3348.948189;3348.036780;3348.888419;501
2025.08.12 23:53:00;3349.660312;3349.749274;3348.405273;3349.249576;1967
2025.08.12 23:58:00;3350.074028;3350.552104;3349.500524;3349.998409;974
2025.08.13 00:03:00;3350.038717;3350.275018;3349.212649;3349.405090;1679
2025.08.13 00:08:00;3349.583607;3349.778284;3348.896332;3349.651526;1708
2025.08.13 00:13:00;3350.107057;3350.686722;3349.931344;3350.351611;1203
2025.08.13 00:18:00;3349.462748;3349.468910;3349.214126;3349.255585;1020
2025.08.13 00:23:00;3350.523667;3351.253127;3350.277939;3350.999986;839
2025.08.13 00:28:00;3352.661954;3352.724430;3352.582135;3352.713545;836
2025.08.13 00:33:00;3352.173542;3352.451991;3352.128326;3352.230711;759
2025.08.13 00:38:00;3351.322384;3351.724937;3350.289757;3351.327060;907
2025.08.13 00:43:00;3348.110484;3348.890030;3347.963417;3348.770813;1608
2025.08.13 00:48:00;3348.184561;3348.349550;3348.040201;3348.095065;528
2025.08.13 00:53:00;3349.015382;3349.327587;3348.622221;3349.246247;1273
2025.08.13 00:58:00;3350.734634;3351.339185;3350.494270;3350.908565;1008
2025.08.13 01:03:00;3350.907019;3350.980198;3350.904576;3350.967291;549
2025.08.13 01:08:00;3350.882082;3351.575367;3350.858206;3351.518626;1041
2025.08.13 01:13:00;3352.612080;3352.885168;3352.275204;3352.541799;532
2025.08.13 01:18:00;3353.628892;3354.325332;3353.416003;3354.199863;947
2025.08.13 01:23:00;3354.931904;3355.132089;3354.743227;3354.768755;584
2025.08.13 01:28:00;3354.214011;3354.343665;3354.166599;3354.271381;1794
2025.08.13 01:33:00;3353.817119;3354.155746;3353.754894;3353.838687;933
2025.08.13 01:38:00;3354.217366;3354.420072;3353.005639;3353.699128;994
2025.08.13 01:43:00;3353.340184;3353.503616;3352.777205;3353.216222;979
2025.08.13 01:48:00;3352.073431;3352.189201;3352.068052;3352.102549;1573
2025.08.13 01:53:00;3351.860593;3352.087572;3351.480129;3352.017627;1866
2025.08.13 01:58:00;3351.598649;3352.465770;3350.217958;3352.229584;1556
2025.08.13 02:03:00;3352.554913;3353.028808;3352.367332;3352.421160;1227
2025.08.13 02:08:00;3352.119730;3352.383519;3351.326418;3351.728577;1198
2025.08.13 02:13:00;3351.926252;3352.944962;3351.463233;3352.637034;609
2025.08.13 02:18:00;3351.885107;3352.154955;3350.916891;3351.223128;1378
2025.08.13 02:23:00;3352.251047;3353.057662;3351.779659;3352.060494;1976
2025.08.13 02:28:00;3352.349842;3352.627933;3351.409774;3351.700796;1940
2025.08.13 02:33:00;3352.613763;3352.797785;3352.008574;3352.574885;655
2025.08.13 02:38:00;3352.180567;3352.592365;3352.168569;3352.442849;1983
2025.08.13 02:43:00;3352.943103;3353.226808;3352.789635;3352.959680;1241
2025.08.13 02:48:00;3354.734789;3355.400693;3354.157983;3354.500994;1542
2025.08.13 02:53:00;3354.263831;3354.448227;3353.482412;3354.263302;1174
2025.08.13 02:58:00;3356.705912;3357.068543;3356.318692;3357.031016;1889
2025.08.13 03:03:00;3358.063483;3358.369723;3357.060935;3358.171834;584
2025.08.13 03:08:00;3357.954513;3358.705937;3357.236215;3358.564368;1138
2025.08.13 03:13:00;3358.563403;3359.184986;3358.241349;3358.765341;508
2025.08.13 03:18:00;3357.046853;3357.133525;3356.410885;3356.925889;1302
2025.08.13 03:23:00;3356.252661;3356.940236;3356.092809;3356.285150;532
2025.08.13 03:28:00;3355.118366;3355.591865;3353.934719;3354.701343;1967
2025.08.13 03:33:00;3354.788181;3354.890487;3354.606047;3354.703359;1448
2025.08.13 03:38:00;3354.844566;3355.826468;3354.629014;3355.383934;1715
2025.08.13 03:43:00;3356.548057;3356.897918;3356.229192;3356.666100;1461
2025.08.13 03:48:00;3355.748147;3356.078582;3355.639570;3356.070553;835
2025.08.13 03:53:00;3356.766902;3357.308455;3356.335515;3356.342335;1641
2025.08.13 03:58:00;3357.407389;3357.643766;3357.172219;3357.352994;1709
2025.08.13 04:03:00;3358.311162;3358.636561;3357.907028;3358.153731;848
2025.08.13 04:08:00;3356.851334;3357.248630;3356.714836;3357.235539;1815
2025.08.13 04:13:00;3358.413608;3359.339671;3358.406767;3359.197263;1506
2025.08.13 04:18:00;3359.295578;3360.026370;3358.852547;3359.037508;1111
2025.08.13 04:23:00;3359.509081;3360.053849;3359.274142;3359.280533;1569
2025.08.13 04:28:00;3357.338650;3357.907645;3356.809777;3357.267398;567
2025.08.13 04:33:00;3356.826413;3356.863159;3356.822100;3356.848604;1111
2025.08.13 04:38:00;3357.772475;3358.338663;3357.672673;3358.077613;1071
2025.08.13 04:43:00;3356.876356;3357.011341;3356.165438;3356.697520;1273
2025.08.13 04:48:00;3355.275900;3355.723251;3354.210001;3355.459918;1936
2025.08.13 04:53:00;3352.606493;3352.644797;3351.888680;3352.487610;1571
2025.08.13 04:58:00;3351.636876;3351.800308;3351.084937;3351.486210;1299
2025.08.13 05:03:00;3350.172093;3350.291326;3349.722953;3350.011547;732
2025.08.13 05:08:00;3350.277061;3350.430595;3350.118343;3350.375380;1428
2025.08.13 05:13:00;3349.835192;3350.139309;3349.556629;3350.133033;825
2025.08.13 05:18:00;3348.659847;3349.584728;3348.620919;3349.387788;1775
2025.08.13 05:23:00;3350.031103;3350.141065;3349.619387;3349.633625;1549
2025.08.13 05:28:00;3349.673865;3350.043429;3349.638450;3349.961344;888
2025.08.13 05:33:00;3350.574307;3350.815645;3350.229170;3350.576716;1025
2025.08.13 05:38:00;3352.315450;3352.828039;3352.249731;3352.409900;956
2025.08.13 05:43:00;3352.805648;3353.001189;3352.370517;3352.728873;943
2025.08.13 05:48:00;3353.708499;3353.878479;3353.633230;3353.768057;887
2025.08.13 05:53:00;3354.768993;3355.143173;3354.762954;3355.007078;1015
2025.08.13 05:58:00;3355.445367;3356.173677;3355.408015;3355.490471;505
2025.08.13 06:03:00;3355.243337;3355.358354;3355.040738;3355.212118;1060
2025.08.13 06:08:00;3354.501350;3354.980260;3354.466124;3354.636879;1069
2025.08.13 06:13:00;3353.306298;3353.596791;3352.486736;3352.941355;906
2025.08.13 06:18:00;3352.535217;3353.135298;3352.462636;3352.510609;955
2025.08.13 06:23:00;3352.253546;3352.284439;3352.167090;3352.196909;759
2025.08.13 06:28:00;3351.572552;3351.931537;3350.790626;3351.037230;802
2025.08.13 06:33:00;3351.085619;3351.178243;3350.332421;3350.629108;815
2025.08.13 06:38:00;3350.375921;3351.013607;3349.721979;3350.308373;1612
2025.08.13 06:43:00;3351.147558;3351.198017;3350.397691;3350.802195;1774
2025.08.13 06:48:00;3349.623961;3350.556274;3349.335712;3349.630110;1758
2025.08.13 06:53:00;3349.989991;3350.041424;3349.585523;3349.714506;1391
2025.08.13 06:58:00;3349.220101;3349.237788;3349.100679;3349.119053;1347
2025.08.13 07:03:00;3350.095625;3350.944675;3349.993880;3350.813400;758
2025.08.13 07:08:00;3351.602987;3352.514274;3351.260669;3352.233739;553
2025.08.13 07:13:00;3352.007968;3352.142833;3351.418394;3351.510939;1234
2025.08.13 07:18:00;3350.741428;3350.901152;3350.531614;3350.545846;828
2025.08.13 07:23:00;3352.109430;3352.388776;3351.853323;3352.327062;1870
2025.08.13 07:28:00;3352.405233;3352.722473;3352.340026;3352.523404;1252
2025.08.13 07:33:00;3353.779281;3354.239752;3353.057298;3353.229510;718
2025.08.13 07:38:00;3351.886773;3351.961351;3351.748090;3351.898788;1728
2025.08.13 07:43:00;3353.410517;3353.898841;3352.739043;3353.318311;1067
2025.08.13 07:48:00;3352.992371;3353.249711;3352.691365;3352.762409;1047
2025.08.13 07:53:00;3352.850531;3353.105386;3352.785625;3352.825630;1067
2025.08.13 07:58:00;3353.256393;3354.144942;3353.196268;3353.609433;1701
2025.08.13 08:03:00;3352.827532;3353.259086;3352.705872;3353.091311;1203
2025.08.13 08:08:00;3354.217457;3354.449966;3353.459746;3353.628635;755
2025.08.13 08:13:00;3353.137432;3353.725812;3353.071524;3353.598720;1134
2025.08.13 08:18:00;3351.675039;3352.224175;3350.968951;3352.055212;1308
2025.08.13 08:23:00;3350.544339;3350.574319;3350.029427;3350.218326;829
2025.08.13 08:28:00;3350.941148;3350.992114;3349.775772;3349.924088;663
2025.08.13 08:33:00;3349.780030;3350.000087;3349.740533;3349.825558;1266
2025.08.13 08:38:00;3349.479588;3350.284233;3348.862884;3349.860822;1247
2025.08.13 08:43:00;3350.755006;3350.940542;3350.490212;3350.594415;1473
2025.08.13 08:48:00;3350.890305;3351.272516;3350.889344;3351.032034;1111
2025.08.13 08:53:00;3350.280065;3350.563937;3349.921323;3350.057736;563
2025.08.13 08:58:00;3350.426941;3350.997267;3350.398710;3350.732547;979
2025.08.13 09:03:00;3350.214150;3350.505458;3349.278039;3350.244635;892
2025.08.13 09:08:00;3350.617703;3350.799762;3350.290888;3350.451108;1731
2025.08.13 09:13:00;3349.975714;3350.525505;3349.687761;3349.897148;1590
2025.08.13 09:18:00;3350.798257;3351.162495;3350.168524;3350.283239;1111
2025.08.13 09:23:00;3348.221370;3348.248380;3348.206056;3348.247261;899
2025.08.13 09:28:00;3347.534597;3347.686571;3346.662905;3347.235775;1219
2025.08.13 09:33:00;3347.512109;3347.587674;3347.216197;3347.500208;942
2025.08.13 09:38:00;3345.359686;3345.604539;3344.837326;3345.319781;1203
2025.08.13 09:43:00;3343.955911;3344.565093;3343.924080;3344.268267;676
2025.08.13 09:48:00;3344.104305;3344.242297;3343.886612;3344.229774;1378
2025.08.13 09:53:00;3344.082557;3344.754042;3343.831895;3344.523956;1663
2025.08.13 09:58:00;3344.671819;3345.873145;3343.874341;3345.289054;1870
2025.08.13 10:03:00;3346.681317;3346.740346;3346.387203;3346.647126;856
2025.08.13 10:08:00;3344.769111;3345.973858;3344.186794;3344.806137;1714
2025.08.13 10:13:00;3345.412102;3345.885797;3344.689466;3345.198658;1521
2025.08.13 10:18:00;3345.256734;3345.668835;3345.242924;3345.485664;1438
2025.08.13 10:23:00;3344.915616;3345.811299;3344.653075;3345.118553;1662
2025.08.13 10:28:00;3345.847630;3346.464697;3345.177480;3345.574056;784
2025.08.13 10:33:00;3345.608111;3346.116916;3344.908694;3345.516255;891
2025.08.13 10:38:00;3344.585362;3344.671306;3344.194880;3344.637283;1580
2025.08.13 10:43:00;3345.204736;3345.970947;3343.817897;3343.987922;731
2025.08.13 10:48:00;3345.885664;3345.891800;3345.767883;3345.835997;1086
2025.08.13 10:53:00;3346.122350;3346.766550;3345.110790;3345.863063;1817
2025.08.13 10:58:00;3344.416114;3344.490398;3343.615665;3344.237250;1284
2025.08.13 11:03:00;3344.027545;3344.354947;3342.998255;3343.512497;843
2025.08.13 11:08:00;3343.527189;3343.889067;3343.250372;3343.533823;812
2025.08.13 11:13:00;3343.419142;3343.638982;3342.910589;3343.483931;1482
2025.08.13 11:18:00;3345.001402;3345.289331;3344.314268;3344.493894;1064
2025.08.13 11:23:00;3342.418954;3342.627211;3341.885172;3342.078642;1406
2025.08.13 11:28:00;3342.263042;3343.005950;3341.990909;3342.273162;1790
2025.08.13 11:33:00;3344.006081;3344.477904;3343.947446;3344.317453;1529
2025.08.13 11:38:00;3344.211666;3344.773449;3344.082485;3344.237055;553
2025.08.13 11:43:00;3344.908274;3345.485445;3344.265013;3345.135764;1298
2025.08.13 11:48:00;3345.194623;3345.263555;3345.037541;3345.247000;1316
2025.08.13 11:53:00;3345.987557;3346.843979;3345.739692;3346.161337;1663
2025.08.13 11:58:00;3346.529364;3346.908530;3345.876447;3346.882963;957
2025.08.13 12:03:00;3346.580483;3347.115060;3346.522913;3347.061406;1891
2025.08.13 12:08:00;3348.178666;3348.514828;3347.329642;3347.460058;1212
2025.08.13 12:13:00;3347.299613;3347.589784;3346.571340;3346.924885;518
2025.08.13 12:18:00;3346.828051;3347.183170;3346.151326;3346.241546;1905
2025.08.13 12:23:00;3346.760962;3346.979991;3346.575553;3346.675559;1107
2025.08.13 12:28:00;3346.532738;3347.761472;3346.377121;3347.152040;1491
2025.08.13 12:33:00;3347.485533;3347.713550;3347.160063;3347.642125;1037
2025.08.13 12:38:00;3347.346285;3347.928592;3346.244484;3347.009930;1929
2025.08.13 12:43:00;3347.839137;3348.088457;3347.673829;3347.710668;1882
2025.08.13 12:48:00;3347.349095;3348.002775;3346.721155;3347.160872;1752
2025.08.13 12:53:00;3344.651837;3344.919736;3344.011214;3344.889734;1999
2025.08.13 12:58:00;3343.273340;3343.742688;3342.810326;3343.298713;1236
2025.08.13 13:03:00;3344.666353;3345.750452;3344.280373;3345.481843;1022
2025.08.13 13:08:00;3345.119922;3345.190064;3344.402192;3344.528791;770
2025.08.13 13:13:00;3343.976503;3344.005148;3343.751534;3343.853944;885
2025.08.13 13:18:00;3343.557065;3344.010613;3343.238368;3343.271848;504
2025.08.13 13:23:00;3341.960450;3342.659797;3341.473088;3342.452149;1468
2025.08.13 13:28:00;3341.171659;3341.385294;3341.053226;3341.198159;1819
2025.08.13 13:33:00;3340.990269;3342.479399;3340.576729;3340.592293;1351
2025.08.13 13:38:00;3340.724127;3341.447876;3340.241516;3341.370302;1456
2025.08.13 13:43:00;3343.115365;3343.808417;3343.090147;3343.501954;636
2025.08.13 13:48:00;3342.831083;3343.134768;3342.514915;3342.603320;972
2025.08.13 13:53:00;3342.470954;3342.695523;3341.454741;3341.764322;743
2025.08.13 13:58:00;3344.234564;3344.632944;3343.932435;3344.334889;1261
2025.08.13 14:03:00;3345.018910;3345.745750;3344.673917;3345.236119;1985
2025.08.13 14:08:00;3343.032199;3343.313561;3343.015481;3343.083502;759
2025.08.13 14:13:00;3341.824442;3342.314009;3341.526384;3342.227265;1965
2025.08.13 14:18:00;3343.999589;3344.365998;3343.469225;3343.591817;1304
2025.08.13 14:23:00;3343.750038;3343.866119;3343.735071;3343.859382;1582
2025.08.13 14:28:00;3342.957492;3343.437974;3342.575466;3343.428096;1014
2025.08.13 14:33:00;3342.277357;3342.759035;3342.155433;3342.533246;1832
2025.08.13 14:38:00;3341.879047;3342.037937;3341.437411;3341.565824;685
2025.08.13 14:43:00;3342.003716;3342.659987;3341.958278;3342.344241;1559
2025.08.13 14:48:00;3343.866956;3344.466389;3343.406742;3343.697876;1537
2025.08.13 14:53:00;3345.038987;3346.203519;3344.142678;3344.723896;1515
2025.08.13 14:58:00;3345.592361;3346.145700;3345.240299;3345.697743;1361
2025.08.13 15:03:00;3345.499062;3346.407844;3344.389382;3345.052267;988
2025.08.13 15:08:00;3343.907113;3344.199471;3343.692394;3344.050896;1371
2025.08.13 15:13:00;3344.107000;3344.803396;3343.564000;3344.371294;1706
2025.08.13 15:18:00;3345.074872;3345.233445;3344.364086;3345.031268;1312
2025.08.13 15:23:00;3345.314731;3346.173026;3345.106553;3345.518022;1727
2025.08.13 15:28:00;3345.633131;3345.735375;3344.653246;3345.362468;1938
2025.08.13 15:33:00;3344.306128;3344.386082;3343.872274;3344.160836;637
2025.08.13 15:38:00;3342.252510;3343.009287;3341.262517;3342.681224;1929
2025.08.13 15:43:00;3342.666990;3342.801256;3341.930812;3342.610301;579
2025.08.13 15:48:00;3342.730343;3343.048046;3342.614430;3342.749322;1248
2025.08.13 15:53:00;3343.378282;3343.655276;3342.259297;3342.749194;1141
2025.08.13 15:58:00;3342.224901;3342.260056;3342.133344;3342.214814;1034
2025.08.13 16:03:00;3341.913874;3342.313875;3341.739585;3342.062975;846
2025.08.13 16:08:00;3342.707255;3342.968215;3342.179940;3342.783102;926
2025.08.13 16:13:00;3343.492308;3344.480175;3343.118209;3343.216158;1560
2025.08.13 16:18:00;3341.523021;3342.520958;3340.826440;3342.031890;1949
2025.08.13 16:23:00;3342.713425;3343.456872;3342.237543;3342.265252;1451
2025.08.13 16:28:00;3342.268288;3343.065997;3341.744669;3342.489170;1764
2025.08.13 16:33:00;3341.821265;3341.874728;3341.411310;3341.741551;1382
2025.08.13 16:38:00;3342.785207;3343.051226;3342.443349;3342.513919;1316
2025.08.13 16:43:00;3342.242540;3342.279814;3341.669882;3341.947480;535
2025.08.13 16:48:00;3342.056538;3342.174147;3341.912291;3342.162218;604
2025.08.13 16:53:00;3342.964652;3343.116460;3342.653959;3343.055250;1490
2025.08.13 16:58:00;3341.076388;3341.722045;3340.650874;3341.254171;1333
2025.08.13 17:03:00;3343.137788;3343.892761;3342.260529;3342.931494;1187
2025.08.13 17:08:00;3342.783751;3343.121462;3342.453696;3342.657297;1480
2025.08.13 17:13:00;3344.113473;3344.490753;3343.346912;3343.526635;1082
2025.08.13 17:18:00;3342.771616;3343.248579;3342.706035;3342.820959;1962
2025.08.13 17:23:00;3342.197387;3342.736411;3341.965847;3342.370831;1654
2025.08.13 17:28:00;3341.380095;3342.143887;3341.318659;3342.011193;1688
2025.08.13 17:33:00;3341.649683;3342.139087;3341.366407;3341.664169;802
2025.08.13 17:38:00;3342.402979;3343.061752;3341.952440;3342.648930;854
2025.08.13 17:43:00;3343.569736;3343.678852;3343.303665;3343.409431;898
2025.08.13 17:48:00;3343.929169;3344.154691;3343.350210;3343.991372;732
2025.08.13 17:53:00;3344.395262;3344.435043;3344.153245;3344.249965;836
2025.08.13 17:58:00;3345.068853;3345.782719;3344.918769;3345.183249;1364
2025.08.13 18:03:00;3344.340127;3344.717491;3343.883501;3344.480618;1430
2025.08.13 18:08:00;3345.074128;3345.904703;3344.623331;3344.829530;722
2025.08.13 18:13:00;3343.901837;3343.997445;3343.854673;3343.985670;1949